timestamp,rps
0,60.85650679874071
15,60.16275251374869
30,59.468998228756675
45,58.77524394376465
60,58.08148965877263
75,59.10908036102594
90,60.136671063279245
105,61.16426176553255
120,62.19185246778586
135,61.13902746591079
150,60.08620246403573
165,59.033377462160665
180,57.9805524602856
195,59.80483349818025
210,61.629114536074894
225,63.453395573969544
240,65.2776766118642
255,64.57117632543039
270,63.864676038996585
285,63.158175752562784
300,62.451675466128975
315,62.744080391461694
330,63.03648531679441
345,63.32889024212713
360,63.62129516745985
375,63.68560027250412
390,63.74990537754839
405,63.81421048259265
420,63.87851558763692
435,64.25898891706579
450,64.63946224649467
465,65.01993557592355
480,65.40040890535244
495,65.73722654190445
510,66.07404417845645
525,66.41086181500845
540,66.74767945156046
555,67.1966149907838
570,67.64555053000714
585,68.0944860692305
600,68.54342160845384
615,68.8268758936159
630,69.11033017877799
645,69.39378446394005
660,69.67723874910212
675,70.34281775037665
690,71.00839675165119
705,71.67397575292573
720,72.33955475420026
735,71.12225235618818
750,69.9049499581761
765,68.68764756016401
780,67.47034516215193
795,67.50288522355571
810,67.5354252849595
825,67.56796534636328
840,67.60050540776706
855,67.53499082457823
870,67.4694762413894
885,67.40396165820057
900,67.33844707501174
915,66.9197225635998
930,66.50099805218788
945,66.08227354077596
960,65.66354902936402
975,66.44667167674444
990,67.22979432412487
1005,68.0129169715053
1020,68.79603961888573
1035,69.26108744342099
1050,69.72613526795624
1065,70.1911830924915
1080,70.65623091702676
1095,69.8231827647557
1110,68.99013461248462
1125,68.15708646021355
1140,67.32403830794249
1155,66.92061992854589
1170,66.51720154914929
1185,66.1137831697527
1200,65.7103647903561
1215,66.77538507177835
1230,67.8404053532006
1245,68.90542563462283
1260,69.97044591604508
1275,68.62794296010289
1290,67.28544000416068
1305,65.94293704821848
1320,64.60043409227629
1335,64.0811303885744
1350,63.5618266848725
1365,63.04252298117061
1380,62.52321927746872
1395,62.97035541559239
1410,63.41749155371605
1425,63.864627691839715
1440,64.31176382996338
1455,64.97980128865166
1470,65.64783874733995
1485,66.31587620602824
1500,66.98391366471651
1515,66.16343979911345
1530,65.34296593351038
1545,64.52249206790734
1560,63.702018202304274
1575,63.837722707491196
1590,63.973427212678125
1605,64.10913171786505
1620,64.24483622305198
1635,64.55431620419135
1650,64.86379618533073
1665,65.17327616647009
1680,65.48275614760946
1695,65.39467638700158
1710,65.3065966263937
1725,65.21851686578582
1740,65.13043710517793
1755,65.47932336398569
1770,65.82820962279344
1785,66.17709588160119
1800,66.52598214040894
1815,67.6066014836072
1830,68.68722082680543
1845,69.76784017000368
1860,70.84845951320193
1875,68.51263243593066
1890,66.17680535865938
1905,63.8409782813881
1920,61.50515120411682
1935,61.96066774517964
1950,62.41618428624246
1965,62.87170082730528
1980,63.3272173683681
1995,63.66421050330599
2010,64.00120363824387
2025,64.33819677318175
2040,64.67518990811963
2055,64.14945804776235
2070,63.623726187405076
2085,63.0979943270478
2100,62.57226246669052
2115,64.39200461364817
2130,66.21174676060582
2145,68.03148890756349
2160,69.85123105452114
2175,69.42412075236315
2190,68.99701045020515
2205,68.56990014804717
2220,68.14278984588918
2235,66.71822813721779
2250,65.2936664285464
2265,63.869104719875004
2280,62.44454301120361
2295,63.141676152008365
2310,63.838809292813124
2325,64.53594243361788
2340,65.23307557442263
2355,65.17104298726603
2370,65.10901040010944
2385,65.04697781295286
2400,64.98494522579627
2415,64.0480457238755
2430,63.11114622195473
2445,62.17424672003396
2460,61.2373472181132
2475,62.19167113409028
2490,63.145995050067356
2505,64.10031896604443
2520,65.05464288202151
2535,65.77133071012565
2550,66.4880185382298
2565,67.20470636633392
2580,67.92139419443807
2595,67.54637645084664
2610,67.1713587072552
2625,66.79634096366377
2640,66.42132322007234
2655,65.04458733051996
2670,63.66785144096759
2685,62.29111555141522
2700,60.91437966186284
2715,61.43770628025361
2730,61.96103289864438
2745,62.48435951703516
2760,63.00768613542593
2775,63.133322001230326
2790,63.258957867034724
2805,63.38459373283912
2820,63.51022959864352
2835,63.61312515681966
2850,63.71602071499581
2865,63.81891627317195
2880,63.921811831348094
2895,63.59144156979547
2910,63.26107130824285
2925,62.930701046690224
2940,62.6003307851376
2955,64.30943523829666
2970,66.01853969145573
2985,67.7276441446148
3000,69.43674859777386
3015,66.97894901903472
3030,64.52114944029556
3045,62.06334986155642
3060,59.60555028281727
3075,61.23727680883661
3090,62.86900333485595
3105,64.5007298608753
3120,66.13245638689463
3135,67.38701080848901
3150,68.64156523008337
3165,69.89611965167774
3180,71.15067407327211
3195,69.32744691926743
3210,67.50421976526273
3225,65.68099261125803
3240,63.85776545725335
3255,63.491768441892816
3270,63.12577142653228
3285,62.759774411171755
3300,62.39377739581122
3315,63.15498315353988
3330,63.916188911268534
3345,64.6773946689972
3360,65.43860042672586
3375,65.772768712959
3390,66.10693699919216
3405,66.44110528542531
3420,66.77527357165846
3435,68.39742844260844
3450,70.01958331355843
3465,71.64173818450841
3480,73.2638930554584
3495,72.49497315671357
3510,71.72605325796873
3525,70.95713335922389
3540,70.18821346047906
3555,71.1710398656106
3570,72.15386627074213
3585,73.13669267587368
3600,74.11951908100521
3615,72.69833678443497
3630,71.27715448786472
3645,69.85597219129448
3660,68.43478989472425
3675,67.76169385377958
3690,67.0885978128349
3705,66.41550177189025
3720,65.74240573094558
3735,65.71417966672955
3750,65.68595360251351
3765,65.65772753829748
3780,65.62950147408145
3795,64.5238113681894
3810,63.41812126229734
3825,62.31243115640528
3840,61.20674105051323
3855,64.02528756959312
3870,66.84383408867299
3885,69.66238060775288
3900,72.48092712683277
3915,69.6943600219064
3930,66.90779291698004
3945,64.12122581205368
3960,61.33465870712732
3975,62.71034554627859
3990,64.08603238542986
4005,65.46171922458115
4020,66.83740606373242
4035,67.81879733817361
4050,68.8001886126148
4065,69.78157988705601
4080,70.7629711614972
4095,68.88269980817456
4110,67.00242845485194
4125,65.1221571015293
4140,63.24188574820666
4155,65.11967493891497
4170,66.99746412962327
4185,68.87525332033158
4200,70.75304251103988
4215,69.53010188925722
4230,68.30716126747458
4245,67.08422064569193
4260,65.86128002390927
4275,65.63500410820072
4290,65.40872819249216
4305,65.1824522767836
4320,64.95617636107504
4335,64.66142162923245
4350,64.36666689738986
4365,64.07191216554727
4380,63.77715743370469
4395,63.43814667655117
4410,63.09913591939765
4425,62.76012516224413
4440,62.42111440509061
4455,62.83074235185362
4470,63.24037029861664
4485,63.64999824537965
4500,64.05962619214266
4515,64.57268823556589
4530,65.08575027898911
4545,65.59881232241233
4560,66.11187436583556
4575,64.54064252631971
4590,62.96941068680387
4605,61.39817884728802
4620,59.826947007772176
4635,60.41539287882059
4650,61.003838749869004
4665,61.59228462091742
4680,62.18073049196583
4695,63.52856965596082
4710,64.8764088199558
4725,66.22424798395079
4740,67.57208714794578
4755,66.47642595171335
4770,65.38076475548093
4785,64.28510355924848
4800,63.189442363016056
4815,63.22529774072467
4830,63.26115311843328
4845,63.297008496141885
4860,63.3328638738505
4875,63.951419438031145
4890,64.56997500221179
4905,65.18853056639244
4920,65.80708613057308
4935,65.5628204362522
4950,65.31855474193132
4965,65.07428904761045
4980,64.83002335328956
4995,64.96080396318337
5010,65.09158457307717
5025,65.22236518297096
5040,65.35314579286477
5055,67.12131859561785
5070,68.88949139837095
5085,70.65766420112404
5100,72.42583700387712
5115,70.36526271576919
5130,68.30468842766126
5145,66.24411413955333
5160,64.1835398514454
5175,63.36204591507076
5190,62.540551978696115
5205,61.71905804232147
5220,60.89756410594683
5235,60.61418032661278
5250,60.33079654727874
5265,60.04741276794469
5280,59.76402898861065
5295,59.399786788745025
5310,59.035544588879404
5325,58.67130238901378
5340,58.30706018914816
5355,58.11622709366416
5370,57.925393998180155
5385,57.73456090269615
5400,57.54372780721215
5415,58.15392843651513
5430,58.7641290658181
5445,59.37432969512108
5460,59.98453032442406
5475,62.8811298096275
5490,65.77772929483095
5505,68.67432878003439
5520,71.57092826523784
5535,68.40592423675879
5550,65.24092020827975
5565,62.07591617980069
5580,58.91091215132165
5595,60.05163327722615
5610,61.19235440313066
5625,62.33307552903516
5640,63.47379665493967
5655,62.39145336112095
5670,61.30911006730224
5685,60.226766773483526
5700,59.14442347966481
5715,59.052710305787485
5730,58.96099713191017
5745,58.86928395803285
5760,58.77757078415553
5775,59.98591105972191
5790,61.194251335288286
5805,62.402591610854664
5820,63.61093188642104
5835,64.61892445615322
5850,65.62691702588542
5865,66.63490959561761
5880,67.6429021653498
5895,65.43299190320788
5910,63.22308164106596
5925,61.01317137892405
5940,58.80326111678213
5955,60.81842260803422
5970,62.83358409928631
5985,64.8487455905384
6000,66.86390708179049
6015,64.78452226743958
6030,62.70513745308868
6045,60.62575263873778
6060,58.54636782438688
6075,58.9192641255287
6090,59.29216042667052
6105,59.66505672781234
6120,60.03795302895416
6135,59.460839924754254
6150,58.88372682055434
6165,58.30661371635442
6180,57.72950061215451
6195,59.73328258052571
6210,61.73706454889691
6225,63.74084651726811
6240,65.74462848563931
6255,64.77118169316762
6270,63.79773490069593
6285,62.82428810822423
6300,61.85084131575254
6315,61.52464958411319
6330,61.19845785247385
6345,60.87226612083451
6360,60.54607438919516
6375,60.562236671962346
6390,60.57839895472952
6405,60.594561237496706
6420,60.61072352026389
6435,61.25546946866869
6450,61.90021541707349
6465,62.54496136547829
6480,63.18970731388309
6495,63.25695181884484
6510,63.32419632380659
6525,63.39144082876833
6540,63.45868533373008
6555,65.30540895280168
6570,67.15213257187328
6585,68.99885619094489
6600,70.84557981001649
6615,68.8428932619481
6630,66.84020671387971
6645,64.83752016581133
6660,62.83483361774294
6675,63.83198187510994
6690,64.82913013247695
6705,65.82627838984395
6720,66.82342664721095
6735,65.46179940589067
6750,64.10017216457041
6765,62.73854492325014
6780,61.37691768192987
6795,61.58245737670525
6810,61.78799707148063
6825,61.99353676625602
6840,62.1990764610314
6855,61.5132108999125
6870,60.827345338793606
6885,60.141479777674704
6900,59.4556142165558
6915,59.65568769656856
6930,59.855761176581325
6945,60.05583465659409
6960,60.25590813660685
6975,60.874534097214976
6990,61.49316005782311
7005,62.11178601843124
7020,62.730411979039374
7035,61.69121231272811
7050,60.65201264641685
7065,59.612812980105595
7080,58.57361331379433
7095,59.52071342326776
7110,60.467813532741175
7125,61.4149136422146
7140,62.362013751688025
7155,61.68796576186939
7170,61.01391777205076
7185,60.33986978223213
7200,59.665821792413496
7215,60.18575735264701
7230,60.70569291288052
7245,61.225628473114035
7260,61.74556403334755
7275,61.99831597935538
7290,62.251067925363216
7305,62.50381987137106
7320,62.75657181737889
7335,64.1821949804739
7350,65.6078181435689
7365,67.0334413066639
7380,68.45906446975891
7395,70.42626771615426
7410,72.39347096254959
7425,74.36067420894491
7440,76.32787745534026
7455,74.20848064824558
7470,72.08908384115091
7485,69.96968703405625
7500,67.85029022696158
7515,70.31367253329722
7530,72.77705483963288
7545,75.24043714596854
7560,77.70381945230419
7575,79.420773366062
7590,81.13772727981979
7605,82.85468119357759
7620,84.5716351073354
7635,81.8802014261112
7650,79.188767744887
7665,76.49733406366279
7680,73.8059003824386
7695,77.08616417318709
7710,80.36642796393556
7725,83.64669175468406
7740,86.92695554543255
7755,90.17535274898793
7770,93.42374995254333
7785,96.67214715609873
7800,99.92054435965412
7815,97.56625339167843
7830,95.21196242370273
7845,92.85767145572703
7860,90.50338048775134
7875,88.19691074278899
7890,85.89044099782663
7905,83.58397125286429
7920,81.27750150790193
7935,78.36821304563227
7950,75.45892458336263
7965,72.54963612109299
7980,69.64034765882333
7995,67.7173936293836
8010,65.79443959994386
8025,63.87148557050413
8040,61.94853154106439
8055,64.27319092138923
8070,66.59785030171406
8085,68.9225096820389
8100,71.24716906236374
8115,70.6510290438971
8130,70.05488902543044
8145,69.45874900696379
8160,68.86260898849714
8175,66.72188724139255
8190,64.58116549428794
8205,62.44044374718335
8220,60.29972200007876
8235,61.594400107943436
8250,62.88907821580811
8265,64.18375632367278
8280,65.47843443153747
8295,63.540627011428654
8310,61.602819591319836
8325,59.66501217121102
8340,57.72720475110221
8355,58.410797174518535
8370,59.094389597934864
8385,59.77798202135119
8400,60.46157444476752
8415,61.804576039491366
8430,63.14757763421522
8445,64.49057922893907
8460,65.83358082366291
8475,66.81964134711637
8490,67.80570187056985
8505,68.79176239402332
8520,69.77782291747678
8535,66.83768652554437
8550,63.897550133611944
8565,60.957413741679524
8580,58.017277349747104
8595,57.937688053934735
8610,57.85809875812236
8625,57.778509462309984
8640,57.698920166497615
8655,58.348044634158256
8670,58.99716910181889
8685,59.646293569479525
8700,60.295418037140166
8715,60.302827762360344
8730,60.31023748758052
8745,60.31764721280069
8760,60.32505693802087
8775,60.774559492128425
8790,61.224062046235986
8805,61.67356460034354
8820,62.12306715445109
8835,62.419950132808125
8850,62.71683311116515
8865,63.01371608952218
8880,63.31059906787921
8895,62.54857667949181
8910,61.78655429110441
8925,61.024531902717
8940,60.2625095143296
8955,61.09604561247799
8970,61.92958171062638
8985,62.763117808774766
9000,63.59665390692315
9015,63.05176618040847
9030,62.50687845389379
9045,61.96199072737911
9060,61.41710300086443
9075,62.8429717906816
9090,64.26884058049879
9105,65.69470937031596
9120,67.12057816013314
9135,104.12805155204921
9150,141.1355249439653
9165,178.14299833588137
9180,215.15047172779745
9195,213.63330812506646
9210,212.11614452233547
9225,210.5989809196045
9240,209.0818173168735
9255,172.8099328854544
9270,136.53804845403533
9285,100.26616402261622
9300,63.99427959119714
9315,64.48658663402357
9330,64.97889367684999
9345,65.47120071967642
9360,65.96350776250284
9375,65.24193691724037
9390,64.52036607197789
9405,63.7987952267154
9420,63.07722438145292
9435,63.32721266037436
9450,63.577200939295786
9465,63.82718921821722
9480,64.07717749713865
9495,62.888526359823075
9510,61.699875222507494
9525,60.51122408519191
9540,59.32257294787634
9555,59.689228564731025
9570,60.05588418158571
9585,60.4225397984404
9600,60.78919541529508
9615,60.2187827274376
9630,59.648370039580115
9645,59.077957351722624
9660,58.50754466386514
9675,59.258001378555825
9690,60.0084580932465
9705,60.75891480793719
9720,61.50937152262787
9735,61.88094960632165
9750,62.25252769001543
9765,62.624105773709196
9780,62.99568385740297
9795,62.98241249403553
9810,62.969141130668085
9825,62.95586976730064
9840,62.9425984039332
9855,61.900209962386725
9870,60.85782152084026
9885,59.8154330792938
9900,58.773044637747326
9915,59.93966328716324
9930,61.10628193657915
9945,62.27290058599506
9960,63.43951923541098
9975,63.758894262494834
9990,64.0782692895787
10005,64.39764431666255
10020,64.71701934374641
10035,64.77845759978399
10050,64.83989585582155
10065,64.90133411185913
10080,64.96277236789669
10095,64.93037174801695
10110,64.89797112813721
10125,64.86557050825748
10140,64.83316988837774
10155,63.41734305288313
10170,62.00151621738853
10185,60.58568938189393
10200,59.16986254639932
10215,60.11997947913787
10230,61.07009641187641
10245,62.02021334461496
10260,62.970330277353504
10275,62.49529778373613
10290,62.02026529011874
10305,61.54523279650137
10320,61.07020030288399
10335,60.15161484551049
10350,59.233029388136984
10365,58.314443930763474
10380,57.39585847338997
10395,59.54558431486094
10410,61.6953101563319
10425,63.84503599780287
10440,65.99476183927383
10455,63.48851982597198
10470,60.98227781267013
10485,58.476035799368276
10500,55.96979378606642
10515,56.580455891180236
10530,57.191117996294054
10545,57.80178010140788
10560,58.412442206521696
10575,58.723622439195594
10590,59.0348026718695
10605,59.345982904543405
10620,59.6571631372173
10635,60.29633403507417
10650,60.935504932931025
10665,61.57467583078789
10680,62.213846728644754
10695,61.62328439216864
10710,61.03272205569253
10725,60.44215971921641
10740,59.8515973827403
10755,59.55027538965322
10770,59.24895339656614
10785,58.94763140347905
10800,58.64630941039197
10815,61.12240114065897
10830,63.59849287092598
10845,66.07458460119298
10860,68.55067633145998
10875,67.42209995435661
10890,66.29352357725324
10905,65.16494720014987
10920,64.0363708230465
10935,63.72834407475141
10950,63.42031732645633
10965,63.11229057816125
10980,62.804263829866166
10995,63.547111366008856
11010,64.28995890215154
11025,65.03280643829423
11040,65.77565397443692
11055,66.46511581869866
11070,67.1545776629604
11085,67.84403950722215
11100,68.53350135148389
11115,65.80415619122662
11130,63.07481103096936
11145,60.34546587071208
11160,57.616120710454815
11175,57.05740402941048
11190,56.49868734836615
11205,55.93997066732181
11220,55.38125398627747
11235,56.11054606172886
11250,56.83983813718025
11265,57.56913021263165
11280,58.29842228808304
11295,59.222015312202025
11310,60.145608336321004
11325,61.06920136043999
11340,61.99279438455898
11355,60.67285823154343
11370,59.35292207852789
11385,58.03298592551234
11400,56.7130497724968
11415,57.0033042176066
11430,57.29355866271639
11445,57.583813107826195
11460,57.87406755293599
11475,58.68666149330669
11490,59.49925543367738
11505,60.31184937404807
11520,61.12444331441877
11535,61.00228985976939
11550,60.88013640512002
11565,60.75798295047064
11580,60.63582949582126
11595,59.92877616142113
11610,59.221722827021
11625,58.51466949262087
11640,57.80761615822074
11655,57.38753369730361
11670,56.96745123638648
11685,56.547368775469344
11700,56.127286314552215
11715,56.924836754517045
11730,57.72238719448187
11745,58.51993763444669
11760,59.31748807441152
11775,57.96351935060373
11790,56.60955062679594
11805,55.25558190298814
11820,53.90161317918035
11835,55.78779954234406
11850,57.67398590550778
11865,59.560172268671494
11880,61.4463586318352
11895,60.77550546542999
11910,60.10465229902477
11925,59.433799132619555
11940,58.76294596621434
11955,58.578973917914986
11970,58.39500186961563
11985,58.21102982131628
12000,58.02705777301693
12015,58.35541860543303
12030,58.683779437849125
12045,59.01214027026522
12060,59.34050110268132
12075,58.96754472980598
12090,58.59458835693063
12105,58.22163198405528
12120,57.848675611179935
12135,58.935408210237185
12150,60.02214080929443
12165,61.10887340835167
12180,62.19560600740892
12195,62.54381481751143
12210,62.892023627613945
12225,63.24023243771646
12240,63.58844124781897
12255,62.269629465599195
12270,60.95081768337943
12285,59.63200590115965
12300,58.31319411893988
12315,58.16105080580712
12330,58.00890749267436
12345,57.8567641795416
12360,57.70462086640884
12375,57.754045053499866
12390,57.80346924059089
12405,57.85289342768192
12420,57.90231761477295
12435,58.65345564071518
12450,59.404593666657405
12465,60.15573169259963
12480,60.90686971854186
12495,60.28718822067793
12510,59.66750672281401
12525,59.04782522495009
12540,58.42814372708616
12555,59.41043779902484
12570,60.39273187096352
12585,61.375025942902205
12600,62.35732001484089
12615,62.082742829423225
12630,61.80816564400556
12645,61.5335884585879
12660,61.25901127317024
12675,60.49832504803565
12690,59.73763882290106
12705,58.97695259776647
12720,58.216266372631885
12735,57.951774800114165
12750,57.687283227596446
12765,57.422791655078726
12780,57.158300082561006
12795,56.85026984502723
12810,56.54223960749344
12825,56.234209369959665
12840,55.92617913242588
12855,58.55581297056617
12870,61.18544680870647
12885,63.815080646846766
12900,66.44471448498706
12915,65.63314871164431
12930,64.82158293830156
12945,64.0100171649588
12960,63.19845139161605
12975,62.419778158850804
12990,61.64110492608556
13005,60.862431693320325
13020,60.08375846055508
13035,60.67996164066469
13050,61.2761648207743
13065,61.87236800088391
13080,62.46857118099352
13095,61.375833610443934
13110,60.283096039894346
13125,59.19035846934476
13140,58.09762089879517
13155,56.623281338845814
13170,55.14894177889646
13185,53.67460221894711
13200,52.20026265899775
13215,53.90246084480553
13230,55.60465903061332
13245,57.3068572164211
13260,59.00905540222888
13275,57.95542345370805
13290,56.90179150518721
13305,55.848159556666374
13320,54.79452760814554
13335,54.777135269718045
13350,54.759742931290546
13365,54.74235059286305
13380,54.72495825443555
13395,55.53026763113511
13410,56.33557700783467
13425,57.14088638453424
13440,57.9461957612338
13455,58.193109466427636
13470,58.440023171621476
13485,58.68693687681531
13500,58.93385058200914
13515,58.46188743725226
13530,57.989924292495374
13545,57.51796114773849
13560,57.045998002981605
13575,57.94408652358143
13590,58.84217504418126
13605,59.740263564781095
13620,60.63835208538092
13635,60.35547346038914
13650,60.07259483539737
13665,59.78971621040559
13680,59.506837585413805
13695,59.30908774171992
13710,59.11133789802603
13725,58.91358805433214
13740,58.71583821063825
13755,58.98520801139492
13770,59.25457781215159
13785,59.52394761290826
13800,59.79331741366492
13815,58.79606978980257
13830,57.79882216594022
13845,56.80157454207787
13860,55.80432691821552
13875,56.35442797680602
13890,56.90452903539652
13905,57.45463009398702
13920,58.00473115257752
13935,58.18534097786054
13950,58.36595080314356
13965,58.546560628426576
13980,58.7271704537096
13995,59.59279546285805
14010,60.458420472006495
14025,61.32404548115494
14040,62.18967049030339
14055,61.05273990387203
14070,59.915809317440676
14085,58.778878731009314
14100,57.64194814457795
14115,58.3614841894736
14130,59.08102023436925
14145,59.8005562792649
14160,60.52009232416055
14175,59.758229512366476
14190,58.99636670057241
14205,58.234503888778335
14220,57.47264107698426
14235,57.49400389289845
14250,57.515366708812635
14265,57.53672952472682
14280,57.55809234064101
14295,58.04125406129409
14310,58.52441578194717
14325,59.00757750260025
14340,59.49073922325333
14355,59.28750652287993
14370,59.08427382250653
14385,58.88104112213313
14400,58.67780842175973
14415,59.700416429754185
14430,60.72302443774865
14445,61.745632445743105
14460,62.76824045373756
14475,62.196104374534634
14490,61.62396829533171
14505,61.05183221612878
14520,60.47969613692585
14535,61.19982345988893
14550,61.91995078285201
14565,62.64007810581509
14580,63.36020542877817
14595,61.92346804163441
14610,60.48673065449064
14625,59.04999326734688
14640,57.61325588020311
14655,57.95491104804309
14670,58.29656621588306
14685,58.63822138372303
14700,58.979876551563
14715,61.2651987125784
14730,63.55052087359381
14745,65.83584303460921
14760,68.12116519562461
14775,65.33021291287334
14790,62.53926063012206
14805,59.74830834737078
14820,56.9573560646195
14835,57.99721827634507
14850,59.03708048807064
14865,60.07694269979621
14880,61.11680491152178
14895,60.5430204263137
14910,59.96923594110563
14925,59.39545145589756
14940,58.82166697068948
14955,59.19075200020571
14970,59.55983702972195
14985,59.928922059238175
15000,60.29800708875441
15015,60.89209095470233
15030,61.48617482065025
15045,62.08025868659817
15060,62.67434255254609
15075,62.69544803776792
15090,62.71655352298974
15105,62.73765900821156
15120,62.75876449343338
15135,62.92464216723266
15150,63.09051984103195
15165,63.25639751483123
15180,63.42227518863051
15195,62.647555408165246
15210,61.872835627699985
15225,61.09811584723473
15240,60.32339606676947
15255,59.93181398984521
15270,59.540231912920945
15285,59.148649835996686
15300,58.75706775907243
15315,58.92062526259421
15330,59.08418276611599
15345,59.24774026963777
15360,59.411297773159546
15375,59.83110809769005
15390,60.25091842222056
15405,60.67072874675107
15420,61.09053907128157
15435,60.7274360696444
15450,60.36433306800723
15465,60.00123006637006
15480,59.63812706473289
15495,59.76240696428923
15510,59.886686863845554
15525,60.01096676340188
15540,60.13524666295822
15555,60.31101930883063
15570,60.48679195470305
15585,60.662564600575465
15600,60.83833724644788
15615,64.05198992936351
15630,67.26564261227914
15645,70.47929529519476
15660,73.6929479781104
15675,69.42511889920144
15690,65.15728982029249
15705,60.88946074138353
15720,56.62163166247458
15735,57.36018198017641
15750,58.09873229787823
15765,58.83728261558005
15780,59.57583293328188
15795,59.578836150238295
15810,59.58183936719472
15825,59.58484258415113
15840,59.58784580110755
15855,60.63789988855203
15870,61.68795397599651
15885,62.73800806344099
15900,63.788062150885466
15915,62.32166970613141
15930,60.85527726137735
15945,59.3888848166233
15960,57.92249237186925
15975,58.29729073997149
15990,58.67208910807372
16005,59.04688747617596
16020,59.4216858442782
16035,60.595785585393756
16050,61.76988532650931
16065,62.943985067624865
16080,64.11808480874042
16095,63.58295133164058
16110,63.04781785454074
16125,62.5126843774409
16140,61.97755090034106
16155,61.23165845052912
16170,60.48576600071718
16185,59.73987355090523
16200,58.99398110109329
16215,58.90850699204174
16230,58.82303288299018
16245,58.737558773938616
16260,58.65208466488706
16275,58.494613181050696
16290,58.337141697214335
16305,58.179670213377975
16320,58.02219872954161
16335,60.26663422819663
16350,62.511069726851645
16365,64.75550522550667
16380,66.99994072416169
16395,65.49520275003805
16410,63.99046477591441
16425,62.485726801790776
16440,60.98098882766713
16455,61.89053325532451
16470,62.8000776829819
16485,63.70962211063929
16500,64.61916653829667
16515,63.28371355971413
16530,61.9482605811316
16545,60.61280760254907
16560,59.27735462396653
16575,59.55401272725251
16590,59.830670830538494
16605,60.10732893382447
16620,60.38398703711045
16635,61.43464305217158
16650,62.4852990672327
16665,63.53595508229383
16680,64.58661109735496
16695,65.68779133056645
16710,66.78897156377796
16725,67.89015179698947
16740,68.99133203020097
16755,66.65914674391158
16770,64.32696145762219
16785,61.99477617133281
16800,59.66259088504342
16815,59.94171113365855
16830,60.22083138227367
16845,60.4999516308888
16860,60.77907187950393
16875,60.94726997811307
16890,61.1154680767222
16905,61.283666175331334
16920,61.45186427394047
16935,61.069240793678645
16950,60.68661731341681
16965,60.303993833154976
16980,59.92137035289315
16995,61.09878620696636
17010,62.27620206103957
17025,63.45361791511278
17040,64.63103376918599
17055,65.76247579170305
17070,66.89391781422013
17085,68.02535983673721
17100,69.15680185925427
17115,67.65329003730552
17130,66.14977821535676
17145,64.64626639340801
17160,63.14275457145926
17175,63.1259809739524
17190,63.10920737644554
17205,63.092433778938684
17220,63.07566018143183
17235,62.647624981166814
17250,62.2195897809018
17265,61.79155458063679
17280,61.36351938037178
17295,60.5630020424059
17310,59.76248470444003
17325,58.96196736647415
17340,58.16145002850827
17355,58.89889309518451
17370,59.636336161860754
17385,60.373779228537
17400,61.111222295213246
17415,61.842050281349394
17430,62.57287826748555
17445,63.3037062536217
17460,64.03453423975785
17475,64.03648916210716
17490,64.03844408445647
17505,64.04039900680577
17520,64.04235392915508
17535,64.54056607686434
17550,65.0387782245736
17565,65.53699037228287
17580,66.03520251999213
17595,64.84810131768101
17610,63.6610001153699
17625,62.4738989130588
17640,61.286797710747685
17655,61.23466321801281
17670,61.18252872527795
17685,61.130394232543075
17700,61.0782597398082
17715,61.19994664068106
17730,61.32163354155393
17745,61.443320442426796
17760,61.565007343299655
17775,62.00929508875437
17790,62.45358283420909
17805,62.897870579663795
17820,63.34215832511851
17835,64.81010549650051
17850,66.27805266788252
17865,67.74599983926451
17880,69.21394701064652
17895,67.31316161937806
17910,65.41237622810962
17925,63.511590836841165
17940,61.61080544557271
17955,62.3288664439545
17970,63.0469274423363
17985,63.76498844071809
18000,64.48304943909989
18015,63.96448537137193
18030,63.44592130364397
18045,62.92735723591601
18060,62.408793168188055
18075,62.12369909334668
18090,61.838605018505305
18105,61.55351094366394
18120,61.26841686882256
18135,60.426086779877686
18150,59.583756690932816
18165,58.74142660198794
18180,57.89909651304306
18195,58.11720939661663
18210,58.3353222801902
18225,58.55343516376377
18240,58.77154804733734
18255,60.67668162643501
18270,62.58181520553269
18285,64.48694878463036
18300,66.39208236372804
18315,66.58509610649
18330,66.77810984925196
18345,66.97112359201391
18360,67.16413733477587
18375,66.10924239752299
18390,65.0543474602701
18405,63.99945252301721
18420,62.94455758576432
18435,62.37104268662912
18450,61.79752778749391
18465,61.22401288835871
18480,60.6504979892235
18495,61.42483717031419
18510,62.19917635140487
18525,62.97351553249556
18540,63.74785471358625
18555,64.27007199321591
18570,64.79228927284555
18585,65.31450655247521
18600,65.83672383210487
18615,65.05231957232913
18630,64.26791531255338
18645,63.48351105277764
18660,62.699106793001896
18675,63.38771031127792
18690,64.07631382955395
18705,64.76491734782998
18720,65.453520866106
18735,65.38930458696602
18750,65.32508830782604
18765,65.26087202868605
18780,65.19665574954607
18795,65.21363890074954
18810,65.230622051953
18825,65.24760520315647
18840,65.26458835435994
18855,65.70720727828078
18870,66.14982620220162
18885,66.59244512612247
18900,67.0350640500433
18915,66.70565933259505
18930,66.3762546151468
18945,66.04684989769856
18960,65.71744518025031
18975,65.81488308486925
18990,65.9123209894882
19005,66.00975889410715
19020,66.1071967987261
19035,67.2707139051389
19050,68.43423101155173
19065,69.59774811796454
19080,70.76126522437735
19095,69.63028431438352
19110,68.49930340438968
19125,67.36832249439583
19140,66.23734158440199
19155,65.70768468436836
19170,65.17802778433472
19185,64.64837088430109
19200,64.11871398426744
19215,64.08330234212502
19230,64.0478906999826
19245,64.01247905784018
19260,63.97706741569775
19275,64.46818388962733
19290,64.9593003635569
19305,65.45041683748649
19320,65.94153331141607
19335,66.28445746098086
19350,66.62738161054565
19365,66.97030576011046
19380,67.31322990967526
19395,66.42385433329386
19410,65.53447875691245
19425,64.64510318053104
19440,63.75572760414964
19455,63.40678030131658
19470,63.05783299848352
19485,62.708885695650466
19500,62.359938392817405
19515,63.6264447343331
19530,64.8929510758488
19545,66.1594574173645
19560,67.42596375888019
19575,67.68778174031542
19590,67.94959972175064
19605,68.21141770318586
19620,68.47323568462109
19635,68.92937753797636
19650,69.38551939133164
19665,69.84166124468692
19680,70.2978030980422
19695,69.17184512397111
19710,68.04588714990001
19725,66.91992917582893
19740,65.79397120175784
19755,65.51430993264823
19770,65.23464866353862
19785,64.95498739442903
19800,64.67532612531942
19815,64.26059124296614
19830,63.84585636061286
19845,63.431121478259584
19860,63.01638659590631
19875,64.29851107142312
19890,65.58063554693993
19905,66.86276002245674
19920,68.14488449797355
19935,67.65797216100655
19950,67.17105982403956
19965,66.68414748707255
19980,66.19723515010556
19995,67.73583249147086
20010,69.27442983283618
20025,70.81302717420148
20040,72.35162451556678
20055,69.5388217990269
20070,66.72601908248701
20085,63.913216365947136
20100,61.10041364940725
20115,61.75839347817192
20130,62.41637330693659
20145,63.07435313570126
20160,63.732332964465925
20175,64.4160596868605
20190,65.09978640925507
20205,65.78351313164966
20220,66.46723985404424
20235,65.44479800738623
20250,64.4223561607282
20265,63.39991431407019
20280,62.37747246741217
20295,62.42762714032701
20310,62.477781813241855
20325,62.5279364861567
20340,62.57809115907154
20355,62.582496254755746
20370,62.58690135043995
20385,62.59130644612416
20400,62.59571154180836
20415,64.13114120537388
20430,65.6665708689394
20445,67.20200053250493
20460,68.73743019607045
20475,67.11479850482498
20490,65.4921668135795
20505,63.86953512233404
20520,62.24690343108857
20535,62.75771624668986
20550,63.26852906229115
20565,63.77934187789244
20580,64.29015469349373
20595,64.6611336495516
20610,65.03211260560948
20625,65.40309156166737
20640,65.77407051772524
20655,66.36389728696976
20670,66.95372405621427
20685,67.5435508254588
20700,68.13337759470332
20715,67.74289543412334
20730,67.35241327354336
20745,66.96193111296337
20760,66.57144895238339
20775,66.85319489943747
20790,67.13494084649156
20805,67.41668679354564
20820,67.69843274059971
20835,68.8493561750637
20850,70.0002796095277
20865,71.15120304399169
20880,72.30212647845568
20895,70.83973172780668
20910,69.3773369771577
20925,67.91494222650871
20940,66.45254747585972
20955,65.33550043034155
20970,64.21845338482339
20985,63.10140633930523
21000,61.984359293787065
21015,64.49172612520563
21030,66.9990929566242
21045,69.50645978804278
21060,72.01382661946134
21075,70.52791895807572
21090,69.04201129669008
21105,67.55610363530445
21120,66.07019597391883
21135,66.15022658574573
21150,66.23025719757263
21165,66.31028780939954
21180,66.39031842122644
21195,66.15813222349753
21210,65.92594602576864
21225,65.69375982803973
21240,65.46157363031082
21255,65.0574644296127
21270,64.65335522891455
21285,64.24924602821642
21300,63.84513682751828
21315,63.89174127317859
21330,63.93834571883889
21345,63.984950164499196
21360,64.0315546101595
21375,66.30156153521554
21390,68.57156846027158
21405,70.84157538532763
21420,73.11158231038367
21435,70.26847814233815
21450,67.42537397429264
21465,64.58226980624713
21480,61.73916563820162
21495,62.64573407693397
21510,63.55230251566631
21525,64.45887095439866
21540,65.36543939313101
21555,65.68015256529267
21570,65.99486573745435
21585,66.30957890961601
21600,66.62429208177767
21615,66.55112178751476
21630,66.47795149325185
21645,66.40478119898894
21660,66.33161090472603
21675,65.21319354276615
21690,64.09477618080625
21705,62.976358818846364
21720,61.85794145688647
21735,62.13360653096101
21750,62.409271605035556
21765,62.684936679110095
21780,62.96060175318463
21795,64.71567122164413
21810,66.47074069010364
21825,68.22581015856314
21840,69.98087962702263
21855,69.32838902610509
21870,68.67589842518754
21885,68.02340782427
21900,67.37091722335245
21915,66.73695398493044
21930,66.10299074650842
21945,65.46902750808643
21960,64.83506426966441
21975,64.64865437476666
21990,64.46224447986893
22005,64.27583458497118
22020,64.08942469007343
22035,64.083719459548
22050,64.0780142290226
22065,64.07230899849719
22080,64.06660376797177
22095,65.43467349650903
22110,66.8027432250463
22125,68.17081295358358
22140,69.53888268212084
22155,68.1241271563353
22170,66.70937163054978
22185,65.29461610476424
22200,63.87986057897871
22215,64.22224257460263
22230,64.56462457022656
22245,64.90700656585047
22260,65.24938856147439
22275,65.60049418428011
22290,65.95159980708581
22305,66.30270542989152
22320,66.65381105269724
22335,66.80145318043729
22350,66.94909530817736
22365,67.09673743591742
22380,67.24437956365747
22395,68.56060423546359
22410,69.8768289072697
22425,71.19305357907581
22440,72.50927825088192
22455,73.21295130547983
22470,73.91662436007775
22485,74.62029741467565
22500,75.32397046927356
22515,74.12414483220003
22530,72.92431919512649
22545,71.72449355805296
22560,70.52466792097943
22575,77.6233096322655
22590,84.72195134355158
22605,91.82059305483766
22620,98.91923476612374
22635,90.33558795658575
22650,81.75194114704777
22665,73.16829433750979
22680,64.58464752797181
22695,65.59422735553999
22710,66.60380718310816
22725,67.61338701067633
22740,68.62296683824451
22755,67.81229368481695
22770,67.0016205313894
22785,66.19094737796186
22800,65.3802742245343
22815,65.68956636962554
22830,65.99885851471677
22845,66.308150659808
22860,66.61744280489924
22875,65.92970434127167
22890,65.2419658776441
22905,64.55422741401654
22920,63.86648895038896
22935,66.1918268344388
22950,68.51716471848863
22965,70.84250260253846
22980,73.16784048658829
22995,72.41398136400144
23010,71.6601222414146
23025,70.90626311882777
23040,70.15240399624092
23055,70.60714439546658
23070,71.06188479469222
23085,71.51662519391787
23100,71.97136559314353
23115,71.0485313334766
23130,70.12569707380969
23145,69.20286281414278
23160,68.28002855447585
23175,67.20705437745173
23190,66.13408020042762
23205,65.06110602340351
23220,63.98813184637939
23235,64.61194850288898
23250,65.23576515939857
23265,65.85958181590814
23280,66.48339847241773
23295,65.86585140954591
23310,65.2483043466741
23325,64.6307572838023
23340,64.01321022093047
23355,65.06760789528883
23370,66.12200556964719
23385,67.17640324400554
23400,68.2308009183639
23415,68.52988914979116
23430,68.82897738121841
23445,69.12806561264567
23460,69.42715384407293
23475,69.45629931023646
23490,69.48544477639997
23505,69.51459024256349
23520,69.54373570872701
23535,68.67592658529017
23550,67.80811746185331
23565,66.94030833841646
23580,66.07249921497962
23595,65.81559373745094
23610,65.55868825992225
23625,65.30178278239356
23640,65.04487730486488
23655,64.45628585343538
23670,63.86769440200587
23685,63.27910295057636
23700,62.69051149914685
23715,63.79471596307641
23730,64.89892042700598
23745,66.00312489093552
23760,67.10732935486509
23775,66.04633098456529
23790,64.9853326142655
23805,63.9243342439657
23820,62.86333587366591
23835,65.28611168016177
23850,67.70888748665763
23865,70.1316632931535
23880,72.55443909964936
23895,71.29699599807074
23910,70.03955289649213
23925,68.7821097949135
23940,67.52466669333488
23955,67.33794882249971
23970,67.15123095166454
23985,66.96451308082938
24000,66.77779520999421
24015,68.02571855881902
24030,69.27364190764382
24045,70.52156525646862
24060,71.76948860529343
24075,71.12648145191292
24090,70.4834742985324
24105,69.84046714515189
24120,69.19745999177137
24135,69.47215757484082
24150,69.74685515791029
24165,70.02155274097976
24180,70.29625032404921
24195,69.69115519029329
24210,69.08606005653738
24225,68.48096492278145
24240,67.87586978902553
24255,67.53481949927695
24270,67.19376920952837
24285,66.85271891977979
24300,66.51166863003121
24315,66.14869077648564
24330,65.78571292294006
24345,65.42273506939449
24360,65.05975721584892
24375,65.01254092123291
24390,64.9653246266169
24405,64.9181083320009
24420,64.87089203738489
24435,64.91899480191708
24450,64.96709756644927
24465,65.01520033098144
24480,65.06330309551363
24495,66.10419317284547
24510,67.1450832501773
24525,68.18597332750913
24540,69.22686340484097
24555,69.86475741986777
24570,70.50265143489459
24585,71.14054544992139
24600,71.7784394649482
24615,71.01264733432322
24630,70.24685520369822
24645,69.48106307307322
24660,68.71527094244823
24675,69.66223789052903
24690,70.60920483860983
24705,71.55617178669063
24720,72.50313873477143
24735,72.50170504425148
24750,72.50027135373153
24765,72.49883766321157
24780,72.49740397269163
24795,71.37905123407316
24810,70.2606984954547
24825,69.14234575683625
24840,68.02399301821778
24855,67.49769522870524
24870,66.97139743919271
24885,66.44509964968017
24900,65.91880186016763
24915,65.6253963595657
24930,65.33199085896376
24945,65.03858535836181
24960,64.74517985775988
24975,65.00679366289953
24990,65.26840746803917
25005,65.53002127317882
25020,65.79163507831846
25035,66.64092622049233
25050,67.4902173626662
25065,68.33950850484007
25080,69.18879964701394
25095,68.66825332445943
25110,68.1477070019049
25125,67.6271606793504
25140,67.10661435679589
25155,67.06953438788992
25170,67.03245441898393
25185,66.99537445007795
25200,66.95829448117198
25215,68.77123096553804
25230,70.5841674499041
25245,72.39710393427016
25260,74.21004041863623
25275,72.28937118511365
25290,70.36870195159106
25305,68.44803271806849
25320,66.52736348454592
25335,66.75017754228672
25350,66.97299160002751
25365,67.19580565776832
25380,67.41861971550912
25395,66.73998304495407
25410,66.06134637439902
25425,65.38270970384399
25440,64.70407303328894
25455,65.70103789651866
25470,66.69800275974839
25485,67.69496762297811
25500,68.69193248620783
25515,68.1248727021228
25530,67.55781291803777
25545,66.99075313395275
25560,66.42369334986772
25575,66.5720765837572
25590,66.72045981764666
25605,66.86884305153613
25620,67.01722628542561
25635,67.98490249039203
25650,68.95257869535845
25665,69.92025490032489
25680,70.88793110529132
25695,68.97278479166884
25710,67.05763847804637
25725,65.1424921644239
25740,63.22734585080143
25755,63.7193688665008
25770,64.21139188220018
25785,64.70341489789955
25800,65.19543791359892
25815,65.2358419305962
25830,65.27624594759345
25845,65.31664996459072
25860,65.357053981588
25875,65.76736301081606
25890,66.17767204004411
25905,66.58798106927217
25920,66.99829009850023
25935,67.15596796106915
25950,67.31364582363807
25965,67.47132368620697
25980,67.62900154877589
25995,68.04517833602706
26010,68.46135512327822
26025,68.8775319105294
26040,69.29370869778057
26055,69.63003219786042
26070,69.96635569794026
26085,70.3026791980201
26100,70.63900269809994
26115,70.02402265754
26130,69.40904261698006
26145,68.79406257642012
26160,68.17908253586018
26175,70.85365909122496
26190,73.52823564658975
26205,76.20281220195454
26220,78.87738875731932
26235,78.15813379839796
26250,77.43887883947659
26265,76.7196238805552
26280,76.00036892163384
26295,77.63836688276616
26310,79.2763648438985
26325,80.91436280503083
26340,82.55236076616316
26355,78.19320274883611
26370,73.83404473150905
26385,69.47488671418199
26400,65.11572869685494
26415,65.05556798125727
26430,64.99540726565958
26445,64.9352465500619
26460,64.87508583446423
26475,74.11449720094615
26490,83.35390856742808
26505,92.59331993391
26520,101.83273130039191
26535,93.80599023515735
26550,85.77924916992279
26565,77.75250810468823
26580,69.72576703945367
26595,70.20100790236374
26610,70.67624876527381
26625,71.15148962818388
26640,71.62673049109395
26655,71.25273149927614
26670,70.87873250745832
26685,70.5047335156405
26700,70.13073452382268
26715,71.21032530803579
26730,72.28991609224892
26745,73.36950687646203
26760,74.44909766067514
26775,72.44177111663966
26790,70.43444457260418
26805,68.42711802856869
26820,66.4197914845332
26835,67.34836949118582
26850,68.27694749783842
26865,69.20552550449102
26880,70.13410351114364
26895,70.7009179585282
26910,71.26773240591275
26925,71.83454685329731
26940,72.40136130068187
26955,71.23812301990523
26970,70.07488473912858
26985,68.91164645835192
27000,67.74840817757529
27015,69.19919063443683
27030,70.64997309129838
27045,72.10075554815992
27060,73.55153800502147
27075,73.02895144949377
27090,72.5063648939661
27105,71.9837783384384
27120,71.4611917829107
27135,69.94139688465012
27150,68.42160198638953
27165,66.90180708812893
27180,65.38201218986835
27195,67.28941320107614
27210,69.19681421228393
27225,71.10421522349172
27240,73.01161623469952
27255,71.78110941361588
27270,70.55060259253224
27285,69.32009577144859
27300,68.08958895036496
27315,69.22062674259261
27330,70.35166453482029
27345,71.48270232704795
27360,72.6137401192756
27375,71.33575414192461
27390,70.05776816457362
27405,68.77978218722262
27420,67.50179620987163
27435,67.5426997290528
27450,67.58360324823398
27465,67.62450676741517
27480,67.66541028659634
27495,69.12466330685956
27510,70.58391632712278
27525,72.043169347386
27540,73.50242236764922
27555,73.52103498001092
27570,73.53964759237263
27585,73.55826020473435
27600,73.57687281709606
27615,71.76141759158652
27630,69.94596236607698
27645,68.13050714056745
27660,66.31505191505791
27675,67.48125912668277
27690,68.64746633830765
27705,69.81367354993252
27720,70.97988076155738
27735,70.34777590276435
27750,69.71567104397133
27765,69.08356618517828
27780,68.45146132638526
27795,71.79495932623799
27810,75.13845732609073
27825,78.48195532594346
27840,81.82545332579619
27855,78.84808391507315
27870,75.8707145043501
27885,72.89334509362708
27900,69.91597568290403
27915,68.24918497291495
27930,66.58239426292585
27945,64.91560355293676
27960,63.24881284294767
27975,64.89967925813778
27990,66.5505456733279
28005,68.20141208851803
28020,69.85227850370813
28035,69.72181303478388
28050,69.5913475658596
28065,69.46088209693534
28080,69.33041662801108
28095,69.21018302840878
28110,69.08994942880649
28125,68.96971582920419
28140,68.84948222960189
28155,69.87884097434822
28170,70.90819971909454
28185,71.93755846384087
28200,72.9669172085872
28215,72.21529714670332
28230,71.46367708481944
28245,70.71205702293555
28260,69.96043696105167
28275,69.52332234683632
28290,69.08620773262099
28305,68.64909311840566
28320,68.21197850419031
28335,69.02248993387323
28350,69.83300136355615
28365,70.64351279323905
28380,71.45402422292197
28395,70.61536478181448
28410,69.77670534070697
28425,68.93804589959947
28440,68.09938645849198
28455,68.01605452550359
28470,67.9327225925152
28485,67.84939065952683
28500,67.76605872653845
28515,67.38596316588257
28530,67.00586760522668
28545,66.62577204457081
28560,66.24567648391493
28575,67.89026591861007
28590,69.5348553533052
28605,71.17944478800035
28620,72.82403422269549
28635,71.18442324783115
28650,69.54481227296682
28665,67.9052012981025
28680,66.26559032323816
28695,67.76360231629576
28710,69.26161430935336
28725,70.75962630241096
28740,72.25763829546857
28755,72.67607342535209
28770,73.09450855523562
28785,73.51294368511915
28800,73.93137881500267
28815,74.78007885409154
28830,75.62877889318041
28845,76.47747893226928
28860,77.32617897135815
28875,77.29039467760357
28890,77.25461038384898
28905,77.21882609009441
28920,77.18304179633984
28935,76.00506347007806
28950,74.82708514381628
28965,73.6491068175545
28980,72.47112849129272
28995,72.64516686475604
29010,72.81920523821935
29025,72.99324361168269
29040,73.167281985146
29055,72.491937876671
29070,71.81659376819599
29085,71.14124965972098
29100,70.46590555124598
29115,70.92582808982404
29130,71.38575062840209
29145,71.84567316698015
29160,72.3055957055582
29175,71.82938821467741
29190,71.35318072379663
29205,70.87697323291584
29220,70.40076574203505
29235,70.64156367633514
29250,70.88236161063523
29265,71.1231595449353
29280,71.3639574792354
29295,70.32321517862437
29310,69.28247287801332
29325,68.2417305774023
29340,67.20098827679126
29355,68.57919530001736
29370,69.95740232324346
29385,71.33560934646954
29400,72.71381636969564
29415,71.32684317556475
29430,69.93986998143387
29445,68.55289678730298
29460,67.1659235931721
29475,68.82454507377014
29490,70.4831665543682
29505,72.14178803496625
29520,73.8004095155643
29535,72.83463371248588
29550,71.86885790940747
29565,70.90308210632905
29580,69.93730630325064
29595,69.9559924059681
29610,69.97467850868557
29625,69.99336461140305
29640,70.01205071412052
29655,70.94481233993349
29670,71.87757396574645
29685,72.81033559155942
29700,73.7430972173724
29715,72.98715595228632
29730,72.23121468720024
29745,71.47527342211416
29760,70.71933215702808
29775,70.70883427866163
29790,70.69833640029518
29805,70.68783852192873
29820,70.67734064356227
29835,71.86977646032466
29850,73.06221227708703
29865,74.2546480938494
29880,75.44708391061178
29895,73.74634310789185
29910,72.0456023051719
29925,70.34486150245195
29940,68.64412069973201
29955,68.8194477707233
29970,68.99477484171459
29985,69.17010191270587
30000,69.34542898369716
30015,69.37465107134321
30030,69.40387315898924
30045,69.43309524663528
30060,69.46231733428132
30075,70.18070489635792
30090,70.89909245843452
30105,71.61748002051112
30120,72.33586758258772
30135,71.04213473309409
30150,69.74840188360045
30165,68.45466903410681
30180,67.16093618461318
30195,68.09759661564556
30210,69.03425704667794
30225,69.9709174777103
30240,70.90757790874268
30255,71.71904493081409
30270,72.53051195288549
30285,73.3419789749569
30300,74.15344599702831
30315,75.06169309096299
30330,75.96994018489767
30345,76.87818727883233
30360,77.786434372767
30375,77.14389940839239
30390,76.50136444401778
30405,75.85882947964316
30420,75.21629451526854
30435,74.84365084275458
30450,74.47100717024063
30465,74.09836349772668
30480,73.72571982521272
30495,73.71936932129363
30510,73.71301881737453
30525,73.70666831345544
30540,73.70031780953634
30555,73.79409692397971
30570,73.88787603842309
30585,73.98165515286647
30600,74.07543426730983
30615,73.71647901451703
30630,73.35752376172422
30645,72.99856850893143
30660,72.63961325613863
30675,72.69126122188473
30690,72.74290918763084
30705,72.79455715337696
30720,72.84620511912306
30735,74.75180911777007
30750,76.65741311641708
30765,78.56301711506408
30780,80.4686211137111
30795,79.61355013216958
30810,78.75847915062806
30825,77.90340816908655
30840,77.04833718754503
30855,76.85049044317063
30870,76.65264369879623
30885,76.45479695442182
30900,76.25695021004742
30915,75.33409479939996
30930,74.41123938875249
30945,73.48838397810502
30960,72.56552856745756
30975,72.08779908515461
30990,71.61006960285167
31005,71.13234012054872
31020,70.65461063824577
31035,71.33579340759772
31050,72.01697617694967
31065,72.69815894630163
31080,73.37934171565358
31095,73.45555319396559
31110,73.53176467227759
31125,73.6079761505896
31140,73.6841876289016
31155,74.73434690109113
31170,75.78450617328068
31185,76.83466544547021
31200,77.88482471765974
31215,76.69299071044541
31230,75.50115670323109
31245,74.30932269601678
31260,73.11748868880245
31275,72.44197641301626
31290,71.76646413723009
31305,71.0909518614439
31320,70.41543958565771
31335,70.63798477115581
31350,70.86052995665392
31365,71.08307514215204
31380,71.30562032765015
31395,71.34850075052634
31410,71.39138117340254
31425,71.43426159627873
31440,71.47714201915493
31455,73.29740930075124
31470,75.11767658234754
31485,76.93794386394384
31500,78.75821114554016
31515,78.32851852260526
31530,77.89882589967038
31545,77.4691332767355
31560,77.03944065380061
31575,77.62050052804194
31590,78.20156040228326
31605,78.7826202765246
31620,79.36368015076593
31635,78.80696282389376
31650,78.25024549702158
31665,77.6935281701494
31680,77.13681084327723
31695,76.41910398409338
31710,75.70139712490953
31725,74.98369026572567
31740,74.26598340654182
31755,75.82902289115404
31770,77.39206237576627
31785,78.95510186037849
31800,80.51814134499071
31815,80.37769698133718
31830,80.23725261768364
31845,80.0968082540301
31860,79.95636389037656
31875,82.01356336672409
31890,84.0707628430716
31905,86.12796231941913
31920,88.18516179576665
31935,86.1736368927885
31950,84.16211198981036
31965,82.1505870868322
31980,80.13906218385407
31995,81.13410629839049
32010,82.12915041292692
32025,83.12419452746335
32040,84.11923864199977
32055,82.53322309037081
32070,80.94720753874185
32085,79.36119198711289
32100,77.77517643548393
32115,77.28721753391139
32130,76.79925863233883
32145,76.31129973076628
32160,75.82334082919374
32175,75.51817802556317
32190,75.21301522193261
32205,74.90785241830203
32220,74.60268961467146
32235,76.93398572088616
32250,79.26528182710084
32265,81.59657793331553
32280,83.92787403953022
32295,82.72287515162455
32310,81.51787626371886
32325,80.31287737581317
32340,79.1078784879075
32355,78.76680904825379
32370,78.42573960860008
32385,78.08467016894637
32400,77.74360072929267
32415,77.84453770760713
32430,77.9454746859216
32445,78.04641166423608
32460,78.14734864255054
32475,79.54016715415851
32490,80.93298566576648
32505,82.32580417737445
32520,83.71862268898242
32535,82.32311172510653
32550,80.92760076123062
32565,79.53208979735473
32580,78.13657883347884
32595,77.75626851915314
32610,77.37595820482746
32625,76.99564789050177
32640,76.61533757617607
32655,75.7480378569409
32670,74.88073813770572
32685,74.01343841847053
32700,73.14613869923535
32715,75.48980797867657
32730,77.8334772581178
32745,80.17714653755901
32760,82.52081581700023
32775,81.46621553504939
32790,80.41161525309855
32805,79.35701497114769
32820,78.30241468919685
32835,77.72336144859389
32850,77.14430820799092
32865,76.56525496738796
32880,75.986201726785
32895,75.74231229734907
32910,75.49842286791315
32925,75.25453343847721
32940,75.01064400904129
32955,75.50667538118532
32970,76.00270675332933
32985,76.49873812547337
33000,76.9947694976174
33015,76.77226443974297
33030,76.54975938186853
33045,76.32725432399408
33060,76.10474926611965
33075,77.37060683246031
33090,78.63646439880097
33105,79.90232196514164
33120,81.1681795314823
33135,79.4674630730987
33150,77.76674661471509
33165,76.0660301563315
33180,74.3653136979479
33195,75.72501554168932
33210,77.08471738543072
33225,78.44441922917213
33240,79.80412107291355
33255,79.18223703225924
33270,78.56035299160493
33285,77.93846895095064
33300,77.31658491029633
33315,77.76413961234844
33330,78.21169431440055
33345,78.65924901645266
33360,79.10680371850478
33375,78.3904073482885
33390,77.67401097807223
33405,76.95761460785594
33420,76.24121823763967
33435,77.0463443962396
33450,77.85147055483955
33465,78.65659671343948
33480,79.46172287203942
33495,78.81263075218472
33510,78.16353863233002
33525,77.5144465124753
33540,76.8653543926206
33555,77.1246175703493
33570,77.38388074807801
33585,77.64314392580671
33600,77.90240710353541
33615,79.50345747676016
33630,81.10450784998493
33645,82.70555822320969
33660,84.30660859643444
33675,83.39549009775081
33690,82.48437159906716
33705,81.57325310038351
33720,80.66213460169988
33735,80.23258097565426
33750,79.80302734960863
33765,79.373473723563
33780,78.94392009751738
33795,78.62439124243308
33810,78.30486238734878
33825,77.98533353226448
33840,77.66580467718018
33855,78.85657018697387
33870,80.04733569676756
33885,81.23810120656125
33900,82.42886671635495
33915,82.37210570261041
33930,82.31534468886588
33945,82.25858367512133
33960,82.2018226613768
33975,80.39355165620724
33990,78.58528065103768
34005,76.77700964586812
34020,74.96873864069856
34035,76.2769045167252
34050,77.58507039275182
34065,78.89323626877845
34080,80.20140214480509
34095,79.03494602611296
34110,77.86848990742084
34125,76.7020337887287
34140,75.53557767003657
34155,76.06965459230177
34170,76.60373151456697
34185,77.13780843683217
34200,77.67188535909737
34215,77.86913377313306
34230,78.06638218716876
34245,78.26363060120445
34260,78.46087901524014
34275,79.49292581078282
34290,80.52497260632549
34305,81.55701940186817
34320,82.58906619741086
34335,82.09771241265076
34350,81.60635862789067
34365,81.11500484313059
34380,80.6236510583705
34395,84.20424540297697
34410,87.78483974758345
34425,91.36543409218993
34440,94.9460284367964
34455,91.03078392022024
34470,87.11553940364408
34485,83.20029488706793
34500,79.28505037049177
34515,82.15857041849733
34530,85.03209046650288
34545,87.90561051450842
34560,90.77913056251398
34575,88.54350413751934
34590,86.30787771252467
34605,84.07225128753001
34620,81.83662486253536
34635,82.16280658407436
34650,82.48898830561335
34665,82.81517002715233
34680,83.14135174869133
34695,81.20917371184393
34710,79.27699567499653
34725,77.34481763814911
34740,75.4126396013017
34755,76.56084381165203
34770,77.70904802200238
34785,78.8572522323527
34800,80.00545644270304
34815,79.79300442574456
34830,79.58055240878608
34845,79.36810039182758
34860,79.1556483748691
34875,78.30646328922226
34890,77.45727820357543
34905,76.60809311792859
34920,75.75890803228175
34935,78.3380333327329
34950,80.91715863318406
34965,83.49628393363521
34980,86.07540923408637
34995,83.92598523881256
35010,81.77656124353877
35025,79.62713724826496
35040,77.47771325299115
35055,77.35665496843416
35070,77.23559668387715
35085,77.11453839932015
35100,76.99348011476316
35115,77.6808980993391
35130,78.36831608391506
35145,79.055734068491
35160,79.74315205306695
35175,79.47025711444147
35190,79.197362175816
35205,78.92446723719051
35220,78.65157229856504
35235,78.4108245320892
35250,78.17007676561335
35265,77.9293289991375
35280,77.68858123266165
35295,78.18779553439073
35310,78.68700983611981
35325,79.1862241378489
35340,79.68543843957798
35355,79.42187728727063
35370,79.15831613496329
35385,78.89475498265595
35400,78.63119383034861
35415,78.22186756643323
35430,77.81254130251787
35445,77.4032150386025
35460,76.99388877468712
35475,76.60717352525145
35490,76.22045827581579
35505,75.83374302638012
35520,75.44702777694445
35535,75.32467125095633
35550,75.20231472496819
35565,75.07995819898005
35580,74.95760167299193
35595,75.15359733123466
35610,75.3495929894774
35625,75.54558864772012
35640,75.74158430596286
35655,75.53325166310147
35670,75.32491902024006
35685,75.11658637737867
35700,74.90825373451727
35715,74.71343190775126
35730,74.51861008098524
35745,74.32378825421922
35760,74.12896642745321
35775,73.51852621076748
35790,72.90808599408174
35805,72.29764577739603
35820,71.6872055607103
35835,72.95006122583973
35850,74.21291689096918
35865,75.47577255609862
35880,76.73862822122805
35895,75.59336203692132
35910,74.4480958526146
35925,73.30282966830788
35940,72.15756348400114
35955,71.9628399648462
35970,71.76811644569125
35985,71.5733929265363
36000,71.37866940738135
36015,71.26540575690899
36030,71.15214210643663
36045,71.03887845596428
36060,70.92561480549192
36075,72.64834103846165
36090,74.3710672714314
36105,76.09379350440113
36120,77.81651973737087
36135,77.3134475167969
36150,76.81037529622293
36165,76.30730307564895
36180,75.80423085507498
36195,76.18289238459218
36210,76.56155391410937
36225,76.94021544362657
36240,77.31887697314377
36255,77.8685695782071
36270,78.41826218327043
36285,78.96795478833374
36300,79.51764739339707
36315,77.7407043440872
36330,75.96376129477736
36345,74.18681824546749
36360,72.40987519615763
36375,73.04431170721251
36390,73.6787482182674
36405,74.31318472932229
36420,74.94762124037717
36435,75.41264903812092
36450,75.87767683586466
36465,76.3427046336084
36480,76.80773243135215
36495,76.67225468711837
36510,76.53677694288459
36525,76.40129919865082
36540,76.26582145441704
36555,76.27782731727312
36570,76.2898331801292
36585,76.30183904298528
36600,76.31384490584136
36615,75.98724055380359
36630,75.6606362017658
36645,75.33403184972802
36660,75.00742749769023
36675,74.97865565551452
36690,74.9498838133388
36705,74.92111197116307
36720,74.89234012898736
36735,74.52668286101344
36750,74.16102559303951
36765,73.7953683250656
36780,73.42971105709168
36795,73.78550400109566
36810,74.14129694509964
36825,74.49708988910363
36840,74.85288283310761
36855,74.40342109056917
36870,73.95395934803072
36885,73.50449760549228
36900,73.05503586295383
36915,73.4470226048142
36930,73.83900934667454
36945,74.23099608853491
36960,74.62298283039527
36975,74.58594261025786
36990,74.54890239012045
37005,74.51186216998302
37020,74.4748219498456
37035,76.8171792849301
37050,79.1595366200146
37065,81.5018939550991
37080,83.8442512901836
37095,81.95591963229442
37110,80.06758797440523
37125,78.17925631651605
37140,76.29092465862686
37155,76.33876302101156
37170,76.38660138339625
37185,76.43443974578094
37200,76.48227810816563
37215,76.05394323445762
37230,75.6256083607496
37245,75.19727348704158
37260,74.76893861333357
37275,74.58769988041661
37290,74.40646114749964
37305,74.22522241458266
37320,74.0439836816657
37335,73.81675153591348
37350,73.58951939016129
37365,73.36228724440909
37380,73.13505509865688
37395,72.81956532054186
37410,72.50407554242683
37425,72.18858576431181
37440,71.87309598619679
37455,72.97231405358087
37470,74.07153212096497
37485,75.17075018834906
37500,76.26996825573315
37515,75.38436814681953
37530,74.49876803790592
37545,73.61316792899231
37560,72.72756782007869
37575,73.32278616274786
37590,73.91800450541703
37605,74.5132228480862
37620,75.10844119075537
37635,74.89811788747839
37650,74.68779458420141
37665,74.47747128092443
37680,74.26714797764745
37695,74.06214445543873
37710,73.85714093323
37725,73.65213741102126
37740,73.44713388881253
37755,73.27398529230146
37770,73.1008366957904
37785,72.92768809927934
37800,72.75453950276827
37815,72.1984992707014
37830,71.64245903863454
37845,71.08641880656768
37860,70.53037857450082
37875,71.40487363786016
37890,72.27936870121951
37905,73.15386376457886
37920,74.0283588279382
37935,73.59217052197981
37950,73.15598221602141
37965,72.71979391006302
37980,72.28360560410462
37995,71.94215569392283
38010,71.60070578374103
38025,71.25925587355924
38040,70.91780596337745
38055,71.81130808249536
38070,72.70481020161327
38085,73.59831232073118
38100,74.4918144398491
38115,74.2116242986822
38130,73.9314341575153
38145,73.65124401634839
38160,73.37105387518149
38175,75.01029861247282
38190,76.64954334976414
38205,78.28878808705548
38220,79.92803282434681
38235,79.86939554387233
38250,79.81075826339784
38265,79.75212098292334
38280,79.69348370244886
38295,78.83570109776313
38310,77.97791849307742
38325,77.1201358883917
38340,76.26235328370598
38355,76.7410803020764
38370,77.2198073204468
38385,77.69853433881723
38400,78.17726135718763
38415,78.22104856528162
38430,78.26483577337561
38445,78.30862298146961
38460,78.3524101895636
38475,76.83732397280693
38490,75.32223775605027
38505,73.8071515392936
38520,72.29206532253693
38535,72.71968354703236
38550,73.1473017715278
38565,73.57491999602324
38580,74.00253822051867
38595,74.65186161213322
38610,75.30118500374776
38625,75.9505083953623
38640,76.59983178697685
38655,76.84423836799019
38670,77.08864494900351
38685,77.33305153001685
38700,77.57745811103018
38715,77.75434697891106
38730,77.93123584679194
38745,78.10812471467281
38760,78.28501358255369
38775,77.33641254730442
38790,76.38781151205515
38805,75.43921047680588
38820,74.49060944155661
38835,74.45815611246219
38850,74.42570278336777
38865,74.39324945427333
38880,74.36079612517891
38895,74.5940034061139
38910,74.82721068704889
38925,75.06041796798388
38940,75.29362524891887
38955,74.06559541668705
38970,72.8375655844552
38985,71.60953575222337
39000,70.38150591999154
39015,72.25670081492316
39030,74.13189570985479
39045,76.00709060478641
39060,77.88228549971804
39075,78.2887393518752
39090,78.69519320403234
39105,79.10164705618948
39120,79.50810090834663
39135,78.73864983635708
39150,77.96919876436755
39165,77.199747692378
39180,76.43029662038845
39195,76.35941530575758
39210,76.28853399112671
39225,76.21765267649586
39240,76.14677136186499
39255,73.81225652355218
39270,71.47774168523938
39285,69.14322684692658
39300,66.80871200861377
39315,68.3878585050999
39330,69.96700500158605
39345,71.54615149807219
39360,73.12529799455832
39375,72.9042228568302
39390,72.68314771910208
39405,72.46207258137396
39420,72.24099744364584
39435,72.22093403022996
39450,72.20087061681409
39465,72.18080720339822
39480,72.16074378998233
39495,70.83901353542117
39510,69.51728328086
39525,68.19555302629884
39540,66.87382277173768
